Case,one line,DDx
Pharyngitis 03,"A 41-year-old @Race @Sex  with recent unprotected sexual intercourse and recent sick contact presents with acute-onset pharyngitis and systemic symptoms of fever, tachcyardia, diarrhea, and rash — without apparent URI symptoms. ","Viral pharyngitis,
Acute HIV infection,
Bacterial pharyngitis,
Acute EBV infection (mononucleosis)
Bacterial meningitis"
Pharyngitis 01,"A 22-year-old @Race @Sex  presents with pharyngitis, myalgias, neck pain, tachycardia, fever, and headache, without cough and coryza — and two negative home SARS-CoV-2 antigen tests. ","Viral pharyngitis,
Group A streptococcal pharyngitis,
Septic thrombophlebitis (Lemierre's Syndrome)
Acute EBV infection (mononucleosis),
Acute HIV infection,
Deep neck space infection"
Pharyngitis 6,"A 45-year-old @Race @Sex with recent sick contact and high-risk sexual exposures presents with pharyngitis with shallow pharyngeal ulcers, tender lymphadenopathy, fever, tachycardia, and a diffuse maculopapular rash.","Acute HIV,
Viral pharyngitis,
Group A streptococcal pharyngitis,
Gonococcal pharyngitis"
