title,DDx,Case one liner
Dyspnea - 7,"Pulmonary embolism,
Spontaneous pneumothorax,
Acute asthma exacerbation,
Heart Failure","A 26-year-old @Race @Sex with no medical history who recently traveled by airplane presents with acute-onset dyspnea, right-sided pleuritic chest pain, leg pain, tachycardia, tachypnea, and low-normal oxygen saturation. "
Dyspnea 10,"Pulmonary hypertension,
Lupus pleuritis,
interstitial lung disease,
Congestive heart failure,
Myocardial ischemia","A 48-year-old  @Race @Sex with systemic lupus erythematosus and hypothyroidism presents with a 6-months history of worsening exertional dyspnea and fatigue and is found to have mild tachycardia, tachypnea, mild hypoxemia, and bilateral lower-extremity edema.   "
Dyspnea 09,"Anxiety/Panic Attack,
Superventricular tachycardia,
Pulmonary Embolism,
Pheochromocytoma,
Hyperthyroidism,
Acute coronary syndrome","A 34-year-old  @Race @Sex  presents with subacute, intermittent, non-exertional dyspnea and palpitations; with associated tachycardia, hypertension, and normal oxygen saturation; in the setting of worsening anxiety. "
Dyspnea 08,"Asthma,
Iron deficiency anemia,
Tachyarrhythmias,
Hypertrophic cardiomyopathy,
Hyperthyroidism,
Panic disorder,
Hypersensitivity pneumonitis","A 26-year-old  @Race @Sex  with a history of anxiety presents with recurrent, self-limiting episodes of dyspnea, cough, and chest tightness that last for days to weeks, worsen at night and with activity and associated with palpitations.  "
